<?xml version="1.0" encoding="UTF-8"?>
<Categories>
	<Category>
		<id>001</id>
		<name>ConsumerGoods</name>
		<discPerc>5</discPerc>
	</Category>
	<Category>
		<id>002</id>
		<name>OrganicFood</name>
		<discPerc>7</discPerc>
	</Category>
	<Category>
		<id>003</id>
		<name>Grocery</name>
		<discPerc>2</discPerc>
	</Category>
	<Category>
		<id>004</id>
		<name>BabyProducts</name>
		<discPerc>10</discPerc>
	</Category>
	<Category>
		<id>005</id>
		<name>Apparrel</name>
		<discPerc>15</discPerc>
	</Category>
</Categories>